episode,average_win_rate
1,0.4
2,0.4666666666666667
3,0.45
4,0.4166666666666667
5,0.4666666666666667
6,0.35
7,0.3333333333333333
8,0.5166666666666667
9,0.4166666666666667
10,0.45
11,0.4
12,0.4166666666666667
13,0.4666666666666667
14,0.4166666666666667
15,0.43333333333333335
16,0.3333333333333333
